Workbook

Sheet อ่านก่อน
B1: วิธีติดตั้งระบบ Regis งานทดสอบ (ใช้เวลา ~15 นาที)
B3: ขั้นที่ 1: นำเข้า Google Sheets
B4: อัปโหลดไฟล์นี้เข้า Google Drive > เปิดไฟล์ > กดเมนู File (ไฟล์) > Save as Google Sheets (บันทึกเป็น Google ชีต)
B6: ขั้นที่ 2: สร้างโฟลเดอร์กลาง
B7: สร้างโฟลเดอร์ใน Google Drive ชื่อ เช่น TestLab แล้วคัดลอก Folder ID จาก URL
B8: ตัวอย่าง URL: drive.google.com/drive/folders/1AbCdEfGh123 > Folder ID คือ 1AbCdEfGh123
B10: ขั้นที่ 3: ติดตั้ง Apps Script
B11: ในชีท กดเมนู Extensions (ส่วนขยาย) > Apps Script > ลบโค้ดเดิม > วางโค้ดจากไฟล์ Code.gs ที่ได้รับมาด้วยกัน
B12: แก้บรรทัดแรกของโค้ด: ใส่ Folder ID จากขั้นที่ 2 ลงใน ROOT_FOLDER_ID แล้วกด Save
B14: ขั้นที่ 4: เริ่มใช้งาน
B15: ปิด-เปิดชีทใหม่ จะมีเมนู [ระบบ Regis] ด้านบน > กด [ลงงานใหม่] ครั้งแรกระบบจะขอสิทธิ์ ให้กด Allow
B16: ระบบจะออกเลข Regis No. อัตโนมัติ + สร้างโฟลเดอร์ 01_Request / 02_Photos / 03_RawData / 04_Report ให้ + ใส่ลิงก์และ QR ในแถว
... B25: ห้ามลบแถวงาน ใช้สถานะ 10-Cancel แทน เพื่อเก็บประวัติ audit

Sheet MasterData
A1: แผนกที่รีเควส | B1: รายชื่อทีม | C1: ตำแหน่งเก็บพาร์ท | D1: ที่เก็บชิ้นงานเสร็จ | E1: สถานะงาน | F1: ผลเทส | G1: สถานะรีพอร์ท
A2: R&D | B2: สมชาย | C2: ชั้น A-1 | D2: ชั้นงานเสร็จ B-1 | E2: 1-รับใบรีเควส | F2: Pass | G2: ยังไม่เริ่ม
A3: QA | B3: สมหญิง | C3: ชั้น A-2 | D3: ชั้นงานเสร็จ B-2 | E3: 2-รอรับพาร์ท | F3: Fail | G3: กำลังทำ
A4: Production | B4: วิชัย | C4: ชั้น A-3 | D4: คืนแผนกผู้รีเควส | E4: 3-รับพาร์ทแล้ว/รอคิวเทส | F4: Conditional Pass | G4: รออนุมัติ
A5: Engineering | B5: อรทัย | C5: ห้อง Test 1 | D5: ทิ้ง/ทำลาย | E5: 4-กำลังเทส | G5: ส่งแล้ว
A6: Purchasing | C6: ห้อง Test 2 | E6: 5-เทสเสร็จ
E7: 6-กำลังทำรีพอร์ท
E8: 7-ส่งรีพอร์ทแล้ว
E9: 8-ปิดงาน
E10: 9-Hold
E11: 10-Cancel
A14: แก้/เพิ่มรายการได้เลย — dropdown ทุกชีทดึงจากคอลัมน์เหล่านี้ (รองรับถึง 30 แถว)

Sheet TestRequests
A1: Regis No. | B1: แผนกที่รีเควส | C1: ผู้รีเควส | D1: วันที่ได้ใบรีเควส | E1: ชื่อชิ้นงาน/รุ่น Lamp | F1: Part No. | G1: จำนวนพาร์ท | H1: วันที่รับพาร์ท | I1: ตำแหน่งเก็บพาร์ท | J1: รายละเอียดการเทส/มาตรฐาน | K1: Plan เริ่มเทส | L1: Plan จบ | M1: เริ่มจริง | N1: จบจริง | O1: สถานะงาน | P1: ผู้รับผิดชอบหลัก | Q1: ที่เก็บชิ้นงานหลังเสร็จ | R1: Remark | S1: โฟลเดอร์งาน (ลิงก์) | T1: ลิงก์เปิด record | U1: QR
A2: TR-2607-001 | B2: R&D | C2: คุณเอ (ext.1234) | D2: 46204 | E2: Lamp XYZ Rev.2 | F2: P/N 12345 | G2: 4 | H2: 46206 | I2: ชั้น A-3 | J2: Thermal cycle -40/85°C 100 cycles ตาม SPEC-TH-01 | K2: 46209 | L2: 46223 | M2: 46209 | O2: 4-กำลังเทส | P2: สมชาย | R2: make รีพอร์ตเลย (งานด่วน) | S2: (ระบบใส่ให้) | T2: (ระบบใส่ให้) | U2: (ระบบใส่ให้)

Sheet TestRuns
A1: Regis No. | B1: เทสครั้งที่ | C1: วันเริ่ม | D1: วันจบ | E1: ผู้รับผิดชอบ Loading | F1: ผู้รับผิดชอบเทส/เก็บผล | G1: ผลเทส | H1: ที่เก็บ Raw Data (ลิงก์) | I1: Remark
A2: TR-2607-001 | B2: 1 | C2: 46209 | D2: 46213 | E2: สมหญิง | F2: สมชาย | G2: Fail | H2: (ลิงก์โฟลเดอร์ 03_RawData/Run1) | I2: Fail ที่ cycle 57 — นัด retest

Sheet Reports
A1: Regis No. | B1: สถานะรีพอร์ท | C1: วันที่ส่งรีพอร์ท | D1: ที่อยู่ไฟล์รีพอร์ท | E1: ลิงก์รีพอร์ท | F1: ผู้จัดทำ | G1: ผู้อนุมัติ
A2: TR-2607-001 | B2: กำลังทำ | D2: TestLab/2026/TR-2607-001_LampXYZ/04_Report/Final | E2: (วางลิงก์ไฟล์ใน Drive) | F2: สมชาย | G2: วิชัย

Sheet Dashboard
A1: Dashboard สรุปงานทดสอบ
A3: งานทั้งหมด (record) | B3: =COUNTA(TestRequests!$A$2:$A$1000) -> 1
A4: งานที่ยังไม่ปิด | B4: =COUNTIFS(TestRequests!$A:$A,"TR-*",TestRequests!$O:$O,"<>8-ปิดงาน",TestRequests!$O:$O,"<>10-Cancel") -> 1
A5: เลยกำหนด Plan จบ | B5: =COUNTIFS(TestRequests!$L:$L,"<"&TODAY(),TestRequests!$O:$O,"<>8-ปิดงาน",TestRequests!$O:$O,"<>10-Cancel") -> 0
A6: ครบกำหนดใน 7 วัน | B6: =COUNTIFS(TestRequests!$L:$L,">="&TODAY(),TestRequests!$L:$L,"<="&TODAY()+7,TestRequests!$O:$O,"<>8-ปิดงาน",TestRequests!$O:$O,"<>10-Cancel") -> 1
A8: จำนวนงานแยกตามสถานะ | D8: Workload ต่อคน (งานที่ยังไม่ปิด)
A9: =MasterData!$E$2 -> 1-รับใบรีเควส | B9: =COUNTIF(TestRequests!$O:$O,$A9) -> 0 | D9: =IF(MasterData!$B$2="","",MasterData!$B$2) -> สมชาย | E9: =IF($D9="","",COUNTIFS(TestRequests!$P:$P,$D9,TestRequests!$O:$O,"<>8-ปิดงาน",TestRequests!$O:$O,"<>10-Cancel")) -> 1
A10: =MasterData!$E$3 -> 2-รอรับพาร์ท | B10: =COUNTIF(TestRequests!$O:$O,$A10) -> 0 | D10: =IF(MasterData!$B$3="","",MasterData!$B$3) -> สมหญิง | E10: =IF($D10="","",COUNTIFS(TestRequests!$P:$P,$D10,TestRequests!$O:$O,"<>8-ปิดงาน",TestRequests!$O:$O,"<>10-Cancel")) -> 0
A11: =MasterData!$E$4 -> 3-รับพาร์ทแล้ว/รอคิวเทส | B11: =COUNTIF(TestRequests!$O:$O,$A11) -> 0 | D11: =IF(MasterData!$B$4="","",MasterData!$B$4) -> วิชัย | E11: =IF($D11="","",COUNTIFS(TestRequests!$P:$P,$D11,TestRequests!$O:$O,"<>8-ปิดงาน",TestRequests!$O:$O,"<>10-Cancel")) -> 0
A12: =MasterData!$E$5 -> 4-กำลังเทส | B12: =COUNTIF(TestRequests!$O:$O,$A12) -> 1 | D12: =IF(MasterData!$B$5="","",MasterData!$B$5) -> อรทัย | E12: =IF($D12="","",COUNTIFS(TestRequests!$P:$P,$D12,TestRequests!$O:$O,"<>8-ปิดงาน",TestRequests!$O:$O,"<>10-Cancel")) -> 0
A13: =MasterData!$E$6 -> 5-เทสเสร็จ | B13: =COUNTIF(TestRequests!$O:$O,$A13) -> 0 | D13: =IF(MasterData!$B$6="","",MasterData!$B$6) | E13: =IF($D13="","",COUNTIFS(TestRequests!$P:$P,$D13,TestRequests!$O:$O,"<>8-ปิดงาน",TestRequests!$O:$O,"<>10-Cancel"))
A14: =MasterData!$E$7 -> 6-กำลังทำรีพอร์ท | B14: =COUNTIF(TestRequests!$O:$O,$A14) -> 0 | D14: =IF(MasterData!$B$7="","",MasterData!$B$7) | E14: =IF($D14="","",COUNTIFS(TestRequests!$P:$P,$D14,TestRequests!$O:$O,"<>8-ปิดงาน",TestRequests!$O:$O,"<>10-Cancel"))
A15: =MasterData!$E$8 -> 7-ส่งรีพอร์ทแล้ว | B15: =COUNTIF(TestRequests!$O:$O,$A15) -> 0 | D15: =IF(MasterData!$B$8="","",MasterData!$B$8) | E15: =IF($D15="","",COUNTIFS(TestRequests!$P:$P,$D15,TestRequests!$O:$O,"<>8-ปิดงาน",TestRequests!$O:$O,"<>10-Cancel"))
A16: =MasterData!$E$9 -> 8-ปิดงาน | B16: =COUNTIF(TestRequests!$O:$O,$A16) -> 0 | D16: =IF(MasterData!$B$9="","",MasterData!$B$9) | E16: =IF($D16="","",COUNTIFS(TestRequests!$P:$P,$D16,TestRequests!$O:$O,"<>8-ปิดงาน",TestRequests!$O:$O,"<>10-Cancel"))
A17: =MasterData!$E$10 -> 9-Hold | B17: =COUNTIF(TestRequests!$O:$O,$A17) -> 0 | D17: =IF(MasterData!$B$10="","",MasterData!$B$10) | E17: =IF($D17="","",COUNTIFS(TestRequests!$P:$P,$D17,TestRequests!$O:$O,"<>8-ปิดงาน",TestRequests!$O:$O,"<>10-Cancel"))
A18: =MasterData!$E$11 -> 10-Cancel | B18: =COUNTIF(TestRequests!$O:$O,$A18) -> 0 | D18: =IF(MasterData!$B$11="","",MasterData!$B$11) | E18: =IF($D18="","",COUNTIFS(TestRequests!$P:$P,$D18,TestRequests!$O:$O,"<>8-ปิดงาน",TestRequests!$O:$O,"<>10-Cancel"))
A20: Auto-calculated from TestRequests sheet
